{"cameraMode":{"drawMode":0,"name":"Shaded","section":"Shading Mode"},"sceneLighting":true,"audioPlay":false,"sceneViewState":{"showFog":false,"showMaterialUpdate":false,"showSkybox":false,"showFlares":false,"showImageEffects":false,"showParticleSystems":false},"in2DMode":false,"pivot":{"x":6.784594535827637,"y":2.9861576557159426,"z":14.042099952697754},"rotation":{"x":0.04961646720767021,"y":0.1729043424129486,"z":-0.00872050505131483,"w":0.9836530089378357},"size":14.925447463989258,"orthographic":false}