{"cameraMode":{"drawMode":0,"name":"Shaded","section":"Shading Mode"},"sceneLighting":true,"audioPlay":false,"sceneViewState":{"showFog":false,"showMaterialUpdate":false,"showSkybox":false,"showFlares":false,"showImageEffects":false,"showParticleSystems":false},"in2DMode":false,"pivot":{"x":4.2697930335998539,"y":-4.710251331329346,"z":13.869928359985352},"rotation":{"x":0.1685611605644226,"y":0.10770075768232346,"z":-0.018530460074543954,"w":0.9796259999275208},"size":12.889996528625489,"orthographic":false}