{"cameraMode":{"drawMode":0,"name":"Shaded","section":"Shading Mode"},"sceneLighting":true,"audioPlay":false,"sceneViewState":{"showFog":false,"showMaterialUpdate":false,"showSkybox":false,"showFlares":false,"showImageEffects":false,"showParticleSystems":false},"in2DMode":false,"pivot":{"x":11.29033088684082,"y":-11.380034446716309,"z":17.827701568603517},"rotation":{"x":0.323377788066864,"y":0.17601774632930757,"z":-0.06135467067360878,"w":0.9277335405349731},"size":19.43681526184082,"orthographic":false}